﻿<?xml version="1.0" encoding="utf-8"?><Search><pages Count="8"><page Index="1"><![CDATA[PUBLICIDAD DISEÑO IMPRESIÓN]]></page><page Index="2"><![CDATA[NUESTROS
SERVICIOS]]></page><page Index="3"><![CDATA[Impresión Digital      Poseemos la más moderna tecnologia en
                          impresión digital con calidad fotografica
                                                                          Impresión Offset
                      formatos grandes, medianos y pequeños
                       especial para aplicaciones como pendones,

                        banners murales, cajas de luz, impresiones
                        para pisos y ventanas,lienzo y mucho más.

                   Nos dedicamos a la impresión de alta calidad de
                                                    :

                   Periodicos, revistas, folletos, catalogos, cartillas,
                    volantes, juegos, plegables, afiches, etiquetas.]]></page><page Index="4"><![CDATA[Señalización

       tenemos gran experiencia en diseño, fabricación de
     señalización interior y exterior para su empresa, damos
soluciones gráficas innovadoras para todo tipo de superficies
donde quiera implementar las rutas de evacuación, salidas de
      emergencia, area de trabajo, extintores, gerencia etc.
Tambien te podemos ofrecer vinilos decorativos o
   corporativos. rompetraficos,aviso, luminosos en acrilicos y
  señalización vial.Todo es diseñado exclusivamente para su

                                     empresa.

Articulos Promocionales

                                Arañas - portapendones]]></page><page Index="5"><![CDATA[Diseño Gráfico

Somos profesionales en diseño gráfico, contamos con una gran experiencia,
donde trabajamos para que la imagen de su empresa sea la mejor
herramienta para hacer su negocio exitoso. Realizamos nuestro trabajo con
la mejor calidad, últimas tendencias en diseño, nuestros mejores
profesionales en diseño gráfico y Publicidad para garantizarle una imagen
sólida y única en el mercado.

                                           1. Diseño de Logotipo
                                           2. Imagen Corporativa
                                           3. Diseño Editorial
                                           4. Diseño de Folletos
                                           5. Diseño de Flyers
                                           5. Diseño de Tarjetas de Presentación]]></page><page Index="6"><![CDATA[Diseño Web

Nuestro equipo de trabajo no solo esta enterado
     de las ultimas innovaciones y tendencias

   tecnológicas si no que las saben aplicar para
 mejorar el desempeño de su negocio online. A
  diferencia de muchas empresas de estrategia

     digital nuestro personal cuenta con una
maestria en cuenta de negocios, esto les permite

  tener vision del negocio en general y no solo
               tener un enfoque técnico.]]></page><page Index="7"><![CDATA[Diseñamos stands publicitarios  Stands
     con medidas y espacios
     especificos para que sus

productos tengan la atención y
    el reconocimiento que su
   empresa necesita, ademas

 manejamos stands portables,
     portapendones, arañas,

  backings que representen lo
      mejor de su producto.]]></page><page Index="8"><![CDATA[Calle 13 No. 9 - 115
          Sogamoso Boyaca

                 770 20 18
              321 427 13 44
publicidad_gutenberg@yahoo.es]]></page></pages></Search>